id,first_name,last_name,company,address,phone_landline,phone_mobile,category,date_created,date_updated,modified_by
1,Andrew,Strowlger,Vinder,8108 Sutteridge Parkway,+60 (900) 584-0877,341-551-3773,Development,31/12/2009,2021-11-15,awdw
2,Inessa,Liddell,Skinix,57 Burning Wood Street,+86 (691) 609-4828,581-581-5439,Office Fitting,09/05/2006,03/03/2021,Micheline
3,Feliza,Platts,Tagfeed,63 Forest Run Terrace,+55 (619) 990-1782,MOBILE NUMBER,Development,12/06/2019,31/05/2021,Andrew96
4,Elberta,Bann,Skiba,523 Mesta Terrace,+84 (612) 683-6373,912-300-6282,Development,22/11/2020,12/08/2021,Daffi
5,Andrew,Jolin,Miboo,9 Mallard Alley,+51 (318) 621-2124,335-263-3999,Support,31/01/2018,29/11/2020,Miller
6,Guss,Garber,Skyvu,69 Rutledge Court,+506 (751) 619-1174,317-911-2283,Development,22/11/2011,02/02/2021,Willie
7,Saunderson,Stokoe,Voomm,14 Parkside Avenue,+63 (867) 695-7183,203-359-3736,Support,10/11/2018,24/03/2021,Kevyn
8,Addison,Tupper,Wikibox,36876 Blackbird Lane,+86 (686) 674-6789,929-619-3082,Support,27/11/2018,24/06/2021,Cherlyn
9,Jenica,Syrad,Shuffletag,455 Oak Circle,+1 (540) 391-5348,515-233-1231,Development,12/11/2018,09/08/2021,Philippine
10,Robbi,Pinckney,Oloo,35 Fremont Hill,+46 (452) 875-8586,751-677-0117,Support,21/12/2009,07/05/2021,Eldredge
11,Nesta,Cona,Gigashots,8088 Sachtjen Junction,+62 (236) 825-2567,343-414-2102,Development,18/05/2017,18/06/2021,Dara
12,Andrew,Willavize,Trudeo,53134 Eggendart Terrace,+86 (701) 983-4003,146-111-2100,Development,25/12/2009,24/01/2021,Lyda
13,Mord,Prestie,Fivechat,03 Morning Alley,+62 (534) 630-9299,263-890-7802,Support,28/11/2010,27/05/2021,Linea
14,Erie,Hruska,Edgewire,952 Sunbrook Plaza,+46 (380) 494-0793,574-632-6863,Development,23/01/2018,03/10/2021,Willamina
15,Bastian,Waszczykowski,Avavee,6 Kim Hill,+7 (839) 859-3937,125-630-6195,Development,16/11/2009,14/03/2021,Drucill
16,Raychel,Cobbald,Buzzshare,92947 Rigney Lane,+86 (813) 127-5755,320-248-8908,Development,22/06/2008,07/12/2020,Ruthanne
17,Lorri,Braga,Fanoodle,84509 Fulton Plaza,+55 (903) 171-4338,434-237-3639,Development,06/04/2012,27/09/2021,Margit
18,Cindelyn,Shackleford,Browsecat,53 Burrows Hill,+234 (967) 709-3548,545-116-4721,Office Fitting,02/04/2008,17/01/2021,Bren
19,Kynthia,Simoneton,Yacero,0 Di Loreto Point,+55 (827) 695-4292,478-155-5786,Support,23/01/2011,01/09/2021,Bert
20,Andrew,Mc Trusty,Rhynoodle,07 Jenifer Drive,+86 (791) 219-2593,116-977-6918,Support,24/04/2017,06/07/2021,Petey
21,Fredrika,Harrowell,Dynabox,8 Luster Center,+44 (740) 178-4802,646-965-7595,Development,01/05/2017,19/02/2021,Garrik
22,Eddie,Pruce,Rhyloo,22864 Goodland Way,+255 (682) 248-9988,543-491-5309,Office Fitting,14/12/2017,19/08/2021,Aggie
23,Gennie,Laroux,Browsedrive,889 Everett Street,+967 (298) 768-3157,563-259-6049,Development,07/07/2007,12/07/2021,Kendra
24,Loella,Osgarby,Fanoodle,4744 Carberry Circle,+62 (845) 154-4805,811-963-7892,Development,10/01/2019,23/08/2021,Zechariah
25,Stephie,Jakoub,Gabtune,58367 Brown Junction,+62 (578) 116-8910,510-687-5643,Office Fitting,28/04/2007,06/07/2021,Ashley
26,Waldon,Headey,Devpoint,9524 Lakewood Parkway,+1 (607) 399-9671,313-971-9163,Office Fitting,20/07/2021,30/05/2021,Giraud
27,Jessika,Persehouse,Roodel,8 Mayfield Place,+7 (315) 427-4363,502-599-8444,Support,24/03/2015,30/04/2021,Blakelee
28,Chaunce,Humberstone,Divape,999 Cascade Pass,+63 (418) 378-5567,494-383-0189,Support,21/04/2017,31/05/2021,Paloma
29,Denys,Silvers,Riffpedia,6832 Grim Court,+33 (128) 206-8208,126-196-6248,Support,27/06/2006,17/11/2020,Opalina
30,Adriane,Wike,Youopia,606 Burrows Road,+386 (486) 790-8312,741-977-1216,Office Fitting,07/02/2011,28/06/2021,Kim
31,Niki,Pound,Centimia,02619 Forest Run Pass,+84 (934) 278-6038,850-205-9964,Support,15/08/2015,13/03/2021,Glen
32,Drusie,Cressy,Feedspan,4509 Laurel Plaza,+86 (348) 264-8984,903-457-4336,Support,24/04/2012,11/05/2021,Ambrosius
33,Drusi,Cason,Dynabox,3510 Arapahoe Parkway,+48 (634) 390-0742,300-752-1295,Office Fitting,18/12/2013,15/02/2021,Elisa
34,Shandra,Jiroutek,Realblab,24822 Kim Center,+249 (191) 889-8508,700-805-4798,Support,15/03/2018,13/08/2021,Karil
35,Findlay,Label,Aivee,836 Marcy Court,+62 (242) 562-1146,108-726-4773,Development,15/03/2017,27/07/2021,Hamlen
36,Madalena,Evans,Katz,1 Golf View Center,+46 (527) 957-6203,286-681-5036,Office Fitting,08/05/2021,17/08/2021,Robb
37,Carmel,Golde,Plambee,97 Raven Pass,+86 (451) 779-9515,892-881-5468,Support,20/11/2020,13/03/2021,Cointon
38,Eilis,Volonte,Fatz,5 Burning Wood Avenue,+86 (960) 307-9205,485-764-0438,Office Fitting,29/04/2006,13/04/2021,Elwyn
39,Perren,Strickland,Skimia,91 Saint Paul Alley,+377 (599) 272-5866,396-271-6459,Development,19/08/2014,30/07/2021,Rikki
40,Arabele,Skells,Eimbee,74199 Dunning Crossing,+351 (572) 328-2157,341-435-9384,Support,28/12/2014,22/07/2021,Kleon
41,Cly,Stanlick,Plambee,636 Claremont Alley,+242 (892) 104-5785,368-892-6056,Development,12/11/2012,09/04/2021,Mildrid
42,Laural,Sier,Yodo,07 Norway Maple Drive,+86 (832) 198-1466,503-636-3294,Office Fitting,10/06/2015,21/04/2021,Rene
43,Jessica,Rofe,Topicblab,045 Golf Junction,+86 (875) 842-1363,764-418-7441,Support,19/02/2020,16/07/2021,Lisbeth
44,Davidde,Bezarra,Mydeo,0 Eastlawn Trail,+963 (364) 964-7945,710-930-4106,Office Fitting,13/10/2016,18/03/2021,Christoffer
45,Kirbie,Ford,Realfire,58 Larry Center,+66 (243) 336-0304,972-278-0018,Support,27/08/2012,11/09/2021,Willow
46,Vilma,Livsey,Oloo,6 Dakota Circle,+86 (607) 269-0956,994-590-0249,Support,21/05/2010,22/05/2021,Lauree
47,Harbert,Platfoot,Kaymbo,608 Dexter Way,+7 (987) 391-2376,875-134-7685,Office Fitting,05/01/2016,21/10/2021,Ulrick
48,Luciana,Maddie,Dabvine,2859 Vera Way,+48 (297) 808-4965,664-633-8889,Office Fitting,06/05/2013,17/09/2021,Morse
49,Jourdain,Nanelli,Abatz,1 Golden Leaf Road,+355 (432) 266-0067,589-648-5584,Development,08/09/2010,27/06/2021,Alaric
50,Renelle,Slingsby,Meevee,87658 Granby Alley,+86 (540) 950-3129,876-623-4407,Support,05/06/2008,22/12/2020,Pepe
51,Kevina,Marlor,Twitterlist,33847 South Circle,+7 (716) 851-5616,682-311-7184,Development,20/04/2013,09/05/2021,Gwenni
52,Vivian,Hardistry,Skivee,95 Monument Crossing,+55 (388) 101-6928,559-732-1522,Development,18/01/2018,20/12/2020,Nessy
53,Esme,Blakeman,Linktype,6 Oxford Parkway,+62 (484) 883-5863,306-249-4927,Office Fitting,05/08/2008,07/05/2021,Salomi
54,Mendie,Colley,Voonder,76178 Spenser Crossing,+1 (907) 581-1957,208-482-3742,Support,07/03/2011,24/02/2021,Aprilette
55,Kent,Andrei,Wikizz,32788 Pawling Lane,+86 (188) 538-2368,927-382-1041,Office Fitting,17/06/2008,20/08/2021,Frederico
56,Parrnell,Hasel,Skipstorm,8 Ludington Street,+86 (193) 472-6595,725-837-1235,Development,17/08/2007,10/12/2020,Charlie
57,Daveta,Fowkes,Twimbo,83 Union Parkway,+44 (586) 285-9376,774-295-5891,Office Fitting,31/05/2021,07/07/2021,Tadio
58,Nobe,Durker,Kaymbo,701 Fair Oaks Parkway,+86 (821) 909-1891,702-652-9032,Office Fitting,01/05/2021,11/03/2021,Krishnah
59,Sampson,Haitlie,Omba,8 Harbort Alley,+359 (896) 213-9727,138-642-3729,Development,13/02/2010,10/10/2021,Sheela
60,Lil,Winsor,Wordware,00841 Homewood Place,+351 (495) 503-2944,617-582-3915,Office Fitting,06/04/2007,02/02/2021,Werner
61,Donelle,Birwhistle,Skippad,91937 Ruskin Road,+63 (691) 740-9253,444-290-8568,Support,09/07/2009,12/02/2021,Bethena
62,Vince,Parram,Twiyo,509 Pond Crossing,+86 (534) 223-8389,520-139-2846,Development,05/10/2008,17/10/2021,Hortense
63,Marga,Walcot,Oyoba,01 Havey Drive,+63 (554) 181-7085,514-317-2122,Development,14/12/2010,25/09/2021,Bartolemo
64,Marlo,Crookes,Avaveo,2771 Shasta Court,+86 (290) 392-3966,848-501-5220,Support,20/06/2021,22/07/2021,Chancey
65,Reinald,Wiggans,Kwilith,65688 Oxford Point,+86 (200) 265-9850,362-371-3782,Development,13/08/2011,07/08/2021,Emlyn
66,Ted,Jenkin,Gigabox,88 Arizona Road,+353 (382) 346-8380,974-393-0563,Support,06/01/2020,24/12/2020,Travus
67,Terrijo,Grange,Yozio,052 Debra Lane,+86 (211) 400-4510,815-526-9543,Development,09/11/2020,27/10/2021,Darleen
70,Emmye,Halksworth,Vinte,09 Mariners Cove Lane,+86 (670) 774-8710,552-255-5904,Development,21/11/2019,20/12/2020,Andras
71,Benedetto,Scotchmore,Chatterbridge,5233 Clove Street,+30 (529) 588-5874,325-747-4685,Support,17/11/2020,10/10/2021,Fransisco
72,Tybalt,Songust,Voomm,6 Saint Paul Place,+62 (324) 159-1168,670-860-1607,Support,16/11/2020,09/10/2021,Angelia
73,Glen,Hunsworth,Yakitri,65339 Shasta Alley,+378 (801) 364-9461,424-688-3555,Support,03/05/2021,13/12/2020,Dilly
74,Rona,Earl,Vidoo,3287 Westerfield Center,+62 (980) 422-8283,342-542-2102,Office Fitting,15/06/2010,26/04/2021,Titos
75,Collin,Hardson,Fadeo,88 Florence Lane,+256 (562) 213-1512,969-666-5115,Development,16/05/2015,01/11/2021,Augy
76,Clare,Tinan,Bluezoom,6 Lien Center,+352 (418) 823-5273,759-495-6148,Development,22/04/2010,27/04/2021,Ibby
77,Ibby,Douche,Meevee,0045 Declaration Plaza,+62 (159) 297-2805,962-335-2165,Support,27/05/2012,16/09/2021,Taber
78,Morie,Voden,Yakidoo,880 Heath Alley,+86 (996) 326-2831,179-840-4851,Support,27/02/2015,11/02/2021,Sigmund
79,Theodoric,Ciccarello,Tekfly,3 Summerview Place,+509 (831) 700-0493,229-485-1133,Office Fitting,18/06/2011,27/04/2021,Alfie
80,Harmony,Berrey,Blogpad,050 Maryland Hill,+1 (722) 165-9325,323-608-3027,Support,26/05/2013,02/05/2021,Duffy
81,Miriam,McIlveen,Feedfire,52 David Parkway,+81 (948) 866-0863,194-176-7609,Office Fitting,05/05/2009,01/12/2020,Susana
82,Leanor,Edgeon,Edgetag,25 Beilfuss Place,+63 (778) 573-4120,860-838-8138,Support,11/10/2017,11/03/2021,Cathyleen
83,Aldrich,McGilben,Layo,12730 Old Gate Place,+420 (445) 298-3714,596-795-1412,Support,30/09/2021,29/07/2021,Mathias
84,Kahaleel,Dumigan,Jaxworks,763 Old Gate Circle,+86 (899) 659-9436,250-777-5923,Development,03/05/2007,10/12/2020,Theresina
85,Jessee,Breydin,Voonte,18 Tomscot Lane,+7 (751) 179-0234,485-520-8185,Support,30/07/2011,20/09/2021,Miles
86,Min,Karus,Devbug,119 Gulseth Terrace,+7 (421) 250-8934,931-912-6637,Development,03/07/2015,30/08/2021,Harv
87,Karon,Growy,Miboo,08 Walton Road,+86 (404) 209-6720,430-742-3802,Office Fitting,16/09/2013,20/06/2021,Anastasie
88,Ricki,Cornell,Katz,11 Caliangt Road,+218 (996) 583-5300,655-449-3860,Support,15/06/2014,20/01/2021,Iseabal
89,Lanni,Dellenbach,Skippad,48 Myrtle Plaza,+62 (174) 810-2618,164-104-2500,Development,10/09/2018,13/02/2021,Blanca
90,Ruperto,Huygen,Yata,9 Stephen Lane,+1 (913) 494-3888,562-471-7911,Support,01/11/2021,02/01/2021,Crawford
91,Darnell,Di Angelo,Youfeed,64 Huxley Pass,+7 (410) 170-6464,689-407-4346,Development,20/12/2012,07/08/2021,Jefferson
92,Dulcia,Flancinbaum,Brainbox,397 Pennsylvania Center,+504 (622) 935-9823,417-692-8500,Development,05/09/2008,23/04/2021,Merrili
93,Krystal,Strephan,Meemm,9 Carpenter Junction,+51 (188) 672-7589,949-981-7443,Development,20/03/2018,14/03/2021,Barnaby
94,Geri,Limpkin,Oyoloo,1768 Hudson Plaza,+48 (663) 720-4437,921-519-5503,Support,02/05/2018,02/10/2021,Hyatt
95,Monti,Naile,Eare,1523 Badeau Circle,+92 (424) 348-0108,554-334-4445,Development,02/08/2017,01/11/2021,Lenora
96,Averill,Jans,Innojam,3 Corscot Trail,+63 (675) 817-1663,148-245-2574,Development,20/02/2019,12/11/2020,Annabelle
97,Lurleen,Calleja,Bubbletube,7 Thierer Crossing,+55 (599) 266-8405,284-506-3565,Development,29/01/2019,10/09/2021,Tedd
98,Sax,de Castelain,Demimbu,246 Lukken Pass,+357 (169) 919-1860,579-118-6647,Development,26/10/2007,12/06/2021,Lexine
99,Daryl,Bentje,Ntags,655 Roxbury Parkway,+30 (439) 293-4765,894-487-5950,Office Fitting,05/07/2013,27/02/2021,Tabb
100,John,Calver,Gigazoom,697 8th Circle,+46 (497) 508-1793,496-733-0556,Development,24/11/2009,02/03/2021,Esra
101,Shermie,Anning,Leenti,26 Elka Point,+62 (126) 965-0297,459-806-5104,Development,05/01/2008,08/03/2021,Galina
102,Halsy,McCloughen,Zazio,5453 Anthes Parkway,+7 (273) 710-5971,385-316-4644,Office Fitting,21/07/2018,28/10/2021,Drusie
103,Eustacia,Gounel,Jaloo,9 Meadow Ridge Court,+86 (663) 738-3341,430-207-0061,Office Fitting,18/11/2006,15/02/2021,Halley
104,Jared,Killen,Fadeo,437 Goodland Drive,+212 (665) 547-0592,293-835-2283,Support,28/05/2020,03/10/2021,Torey
105,Marin,Eldon,Livepath,4291 Esch Center,+62 (703) 629-1203,605-109-3753,Support,21/02/2015,28/11/2020,Othilie
106,Ron,Wiley,Browsebug,9283 East Street,+46 (511) 570-9092,130-850-4858,Support,11/07/2013,13/01/2021,Shae
107,Nettle,Fairholme,Realcube,883 Meadow Vale Crossing,+86 (459) 345-2855,269-732-3268,Office Fitting,12/02/2012,10/06/2021,Skipp
108,Barri,Sesons,Twinder,551 Fordem Street,+86 (347) 248-0796,285-299-5816,Support,14/05/2020,03/10/2021,Dorie
109,Perceval,Stanlock,Jaxspan,801 Westport Alley,+1 (561) 948-0055,688-880-3764,Office Fitting,30/04/2016,11/03/2021,Rena
110,Breena,Bruinsma,Youbridge,8700 Ridgeview Lane,+62 (294) 276-1414,989-297-3453,Office Fitting,17/04/2016,12/02/2021,Massimiliano
111,Pablo,Shorte,Zoomzone,7 Village Green Circle,+62 (313) 777-8716,155-980-1418,Support,02/10/2018,26/08/2021,Giraldo
112,Glori,Hatherill,Youspan,43249 Transport Way,+1 (214) 747-1040,723-885-3475,Office Fitting,16/11/2013,02/03/2021,Marnie
113,Jamesy,Goning,Mycat,0 Derek Avenue,+374 (183) 659-4021,304-607-7836,Support,11/05/2018,08/07/2021,Lindsay
114,Koralle,Panter,Oyondu,66 Weeping Birch Crossing,+63 (600) 383-0886,662-291-2584,Office Fitting,25/12/2013,20/03/2021,Rayshell
115,Neel,Carvill,Innojam,30 Old Shore Terrace,+7 (917) 862-9119,564-674-3663,Development,06/09/2021,26/12/2020,Jemmy
116,Elberta,Lardez,Agivu,95760 Harbort Hill,+86 (678) 640-8827,132-387-4582,Development,22/07/2015,08/12/2020,Yehudit
117,Marlo,Jellings,Twinder,6146 Sheridan Avenue,+63 (196) 868-3090,571-390-4105,Support,03/12/2013,02/11/2021,Rowen
118,Amy,Lehr,Lajo,51868 Springs Circle,+30 (976) 878-9837,448-860-4420,Support,16/03/2007,30/01/2021,Carena
119,Brok,Briat,Eazzy,156 Grover Lane,+351 (556) 373-6275,408-192-2978,Development,06/11/2014,06/09/2021,Dara
120,Humfried,Quirke,Riffwire,01 Springs Place,+593 (614) 411-4806,539-436-6232,Support,24/10/2013,23/08/2021,Kessia
121,Carlene,Slate,Meetz,33 Butterfield Road,+57 (686) 721-3446,896-374-5851,Development,27/10/2011,22/05/2021,Abigael
122,Norris,Ramble,Riffpath,729 Anderson Terrace,+62 (453) 301-2371,824-876-3594,Development,07/07/2016,02/03/2021,Josepha
123,Erinn,Mattheis,Vimbo,949 Summit Way,+351 (434) 437-8710,461-106-6595,Office Fitting,12/12/2015,19/12/2020,Hilton
124,Doll,Treece,Oyoloo,7133 Old Shore Court,+880 (114) 799-2036,353-480-4847,Support,24/01/2015,21/04/2021,Wallace
125,Jaymie,Prendeguest,Quatz,49383 7th Way,+1 (323) 398-5852,540-954-2410,Office Fitting,10/06/2008,09/07/2021,Valeria
126,Kris,Faulconbridge,Wordtune,0024 Twin Pines Junction,+30 (580) 661-8130,867-508-5408,Office Fitting,03/03/2021,01/09/2021,Murial
127,Delly,McCobb,Cogidoo,1221 Mosinee Pass,+351 (403) 300-8369,654-797-7002,Support,13/12/2009,23/10/2021,Bernelle
128,Melony,Pordall,Twinte,99 Russell Point,+880 (106) 943-5533,226-173-4877,Development,11/03/2015,23/11/2020,Jackie
129,Bradly,Benko,Divavu,2780 Towne Point,+63 (309) 386-9196,278-993-1779,Office Fitting,02/05/2013,13/12/2020,Sephira
130,Suellen,Buddell,Rhybox,4 Lakewood Place,+55 (909) 989-8200,207-153-9380,Office Fitting,16/08/2012,19/10/2021,Marjorie
131,Rowland,Alvarado,Flashpoint,9 Straubel Way,+62 (417) 908-0178,114-410-3402,Office Fitting,20/07/2019,17/02/2021,Kelcy
132,Tris,Bagworth,Twitterbridge,19677 Dovetail Place,+63 (347) 318-6770,861-824-0943,Development,21/06/2013,14/05/2021,Hollyanne
133,Malorie,Petriello,Wordify,4 Scoville Parkway,+63 (383) 590-1697,552-240-6326,Office Fitting,04/04/2018,05/03/2021,Tony
134,Nealy,Villar,Meevee,65490 Autumn Leaf Plaza,+7 (119) 272-6618,526-599-4005,Development,13/02/2013,01/01/2021,Aridatha
135,Carmelia,Bingham,Aimbo,9378 Carey Alley,+421 (483) 870-7378,126-542-4341,Development,05/12/2012,08/04/2021,Marguerite
136,Alane,Bischof,Bubblemix,017 Duke Crossing,+63 (564) 465-5972,600-190-7272,Support,29/06/2020,10/08/2021,Niels
137,Maddie,Oluwatoyin,Jabberbean,075 Burning Wood Drive,+237 (686) 411-4790,615-436-9133,Office Fitting,11/07/2013,18/04/2021,Loren
138,Efren,Goalby,Edgepulse,468 Aberg Pass,+1 (128) 447-3094,859-656-1524,Development,17/12/2006,28/06/2021,Blondy
139,Lezlie,Smedley,Viva,9572 Dawn Hill,+55 (855) 849-1312,700-976-0430,Office Fitting,11/02/2019,27/09/2021,Holly
140,Emmalynne,Senton,Skiptube,960 Mariners Cove Circle,+54 (842) 580-6239,811-618-8114,Support,02/04/2021,03/05/2021,Lonni
141,Leora,Durrand,Ozu,4666 Myrtle Pass,+351 (729) 457-4229,648-836-3154,Development,18/02/2016,15/01/2021,Napoleon
142,Issi,Ranyell,Cogidoo,63 Blaine Pass,+51 (506) 975-5927,175-692-3082,Development,22/07/2006,01/11/2021,Dorian
143,Davita,Vasilov,Browsezoom,486 Hermina Hill,+86 (549) 613-4709,390-410-6163,Development,22/08/2007,08/04/2021,Kurt
144,Sinclair,Ost,Gabtype,0 Mesta Point,+249 (859) 162-1715,885-962-4054,Support,03/07/2014,09/03/2021,Benoit
145,Terri,Lequeux,Vinder,32411 Anniversary Place,+504 (288) 874-3532,265-674-7008,Support,28/02/2006,15/04/2021,Analiese
146,Neils,Parman,Geba,48 Mayfield Point,+86 (986) 916-1904,505-429-0495,Development,28/02/2009,19/11/2020,Adella
147,Bobbye,Usher,Yata,9 Starling Court,+63 (766) 297-8383,741-662-7153,Support,04/12/2009,09/11/2021,Ignatius
148,Sibel,Woodwind,Wordpedia,64432 Waubesa Terrace,+7 (363) 673-3180,870-148-2106,Office Fitting,16/05/2011,31/05/2021,Christabel
149,Wilhelmina,Akester,BlogXS,23063 Dapin Street,+86 (979) 954-4036,831-925-6739,Development,01/07/2007,21/04/2021,Estrella
150,Ronnie,Scurrell,Quire,023 Thierer Parkway,+86 (933) 698-1766,502-667-4536,Office Fitting,11/01/2015,12/06/2021,Lorry
151,Casi,Cacacie,Tazz,3 Northridge Plaza,+7 (237) 511-9478,145-571-2211,Development,31/10/2006,21/10/2021,Mortimer
152,Katheryn,Bigglestone,Topicware,97 Norway Maple Park,+55 (288) 754-5877,246-116-1149,Office Fitting,03/12/2008,07/05/2021,Farica
153,Corette,Yosselevitch,Blognation,67 Westend Center,+7 (839) 346-4590,811-926-1532,Office Fitting,10/02/2006,22/07/2021,Granger
154,Myrtice,Lamonby,Gigazoom,773 Forest Dale Circle,+880 (223) 247-4144,301-352-3711,Development,11/03/2017,11/03/2021,Ruthi
155,Tierney,Lipprose,Jazzy,4570 School Way,+86 (856) 506-4911,696-726-9431,Office Fitting,20/07/2009,11/12/2020,Rachelle
156,Prinz,Ferreiro,Brainlounge,84000 Bowman Way,+86 (828) 891-4948,218-408-2361,Office Fitting,10/04/2018,29/05/2021,Donovan
157,Sharona,Mityushkin,Trilith,16393 Holy Cross Crossing,+86 (898) 647-4558,199-991-4101,Support,01/05/2017,03/03/2021,Ambrose
158,Wilfred,Mayler,Feedspan,08 Cambridge Alley,+30 (455) 599-1977,263-501-2362,Development,25/06/2009,02/12/2020,Madlin
159,Ruperto,Minghetti,Aimbo,28 Cardinal Lane,+86 (571) 627-1916,452-849-2225,Support,03/10/2021,20/09/2021,Merlina
160,Caresa,Newsome,Yadel,08 Darwin Circle,+86 (323) 451-0421,431-407-5156,Office Fitting,03/03/2015,16/09/2021,Godfrey
161,Tomasine,Ivashkin,Meevee,65015 Magdeline Pass,+27 (406) 985-9525,313-662-6251,Development,21/07/2008,21/10/2021,Bill
162,Matt,Aves,Roombo,9894 Carey Hill,+53 (592) 815-2106,599-365-7162,Development,29/05/2010,21/11/2020,Alex
163,Giavani,Poundford,Photospace,90 Redwing Lane,+46 (120) 703-1810,776-827-0446,Office Fitting,09/11/2013,14/04/2021,Onida
164,Peria,Peniello,Vidoo,1173 Kingsford Place,+82 (504) 712-2162,907-531-7220,Support,12/02/2016,27/07/2021,Carmen
165,Dorelle,Naismith,Wordify,49 School Terrace,+212 (388) 222-9320,686-921-6965,Development,26/04/2015,20/10/2021,Elenore
166,Wat,Velte,Shufflebeat,2 Continental Way,+1 (804) 481-6941,754-883-7658,Office Fitting,27/04/2021,23/02/2021,Melisande
167,Ivory,Gosford,Fivechat,24 Northridge Trail,+63 (937) 313-7143,546-319-5908,Support,12/11/2020,06/04/2021,Orelia
168,Dario,Summerill,Skidoo,3122 Kropf Lane,+351 (953) 759-8209,893-745-7624,Support,05/11/2013,10/03/2021,Kizzie
169,Corey,Stilldale,Dabfeed,8719 2nd Circle,+86 (993) 410-7019,785-872-7866,Development,20/02/2006,04/05/2021,Hodge
170,Marnia,Gogerty,Ntags,143 Dryden Parkway,+86 (448) 472-4279,478-231-7650,Office Fitting,28/06/2007,13/09/2021,June
171,Kevan,Gosnay,Skajo,45683 Bellgrove Alley,+86 (174) 831-9946,829-564-5807,Development,03/11/2011,23/06/2021,Page
172,Arlena,Jupe,Yotz,7 Spaight Crossing,+351 (919) 807-0457,198-123-6312,Support,19/02/2019,20/07/2021,Cassi
173,Dulcea,Monan,Jayo,000 Ohio Point,+86 (285) 206-2350,460-256-8612,Development,29/03/2013,09/02/2021,Josselyn
174,Vinny,Gross,Livetube,1138 Barby Court,+62 (442) 568-3555,685-925-3856,Support,16/06/2007,04/02/2021,Tallulah
175,Tonye,Blackborn,Edgeclub,2 Bowman Street,+86 (892) 451-4164,477-434-8302,Office Fitting,11/07/2018,18/09/2021,Dotti
176,Devina,Maudsley,Thoughtstorm,38711 Valley Edge Plaza,+81 (459) 352-8533,330-430-1660,Development,05/02/2016,12/06/2021,Olenolin
177,Barbie,Blankman,Meembee,8 Fair Oaks Crossing,+389 (548) 911-2718,557-586-0595,Development,15/06/2012,17/04/2021,West
178,Margi,Ghiroldi,Dabtype,444 Golf Course Junction,+55 (865) 765-1813,278-762-5834,Support,04/05/2010,08/02/2021,Elsi
179,Dennie,Brownfield,Buzzbean,091 Fallview Terrace,+351 (168) 858-7925,477-144-5141,Office Fitting,13/09/2016,25/01/2021,Josephine
180,Reece,McMennum,Buzzshare,9 Muir Avenue,+7 (489) 914-2016,448-569-8550,Support,27/06/2006,25/02/2021,Audrye
181,Zora,Ellgood,Mita,8985 Gateway Hill,+351 (306) 569-8692,811-144-9244,Office Fitting,20/06/2017,16/02/2021,Marrissa
182,Gilbertina,Dittson,Kwinu,62 Namekagon Pass,+994 (743) 233-0124,531-779-2970,Support,21/03/2009,21/05/2021,Tresa
183,Banky,Counter,Voolith,2715 Garrison Court,+62 (351) 585-3229,848-865-8886,Support,09/07/2008,04/01/2021,Ty
184,Werner,Echallie,Zava,7 Northport Trail,+52 (843) 720-5931,352-726-9105,Development,20/03/2017,02/09/2021,Artemis
185,Reggy,Mahoney,Shufflebeat,9 Shopko Pass,+266 (698) 804-7114,487-517-2797,Development,19/11/2011,07/03/2021,Anderson
186,Dorelia,Spataro,Trupe,5 Moulton Parkway,+351 (876) 123-8341,705-487-0054,Office Fitting,21/05/2014,07/12/2020,Shayla
187,Pincas,Close,Twitterwire,94973 Roth Junction,+46 (989) 995-5135,913-457-5356,Support,06/02/2018,24/02/2021,Carol-jean
188,Ericka,Kier,Mudo,35 Fairfield Trail,+420 (722) 489-3463,529-440-5895,Support,14/06/2014,10/09/2021,Alfonso
189,Dorie,Cicchillo,Snaptags,6 Debs Street,+86 (681) 894-5886,407-294-4068,Support,09/09/2017,26/10/2021,Hube
190,Tracy,Baumber,Edgeify,5 Hintze Trail,+53 (380) 612-5078,102-213-9636,Development,11/07/2016,06/09/2021,Butch
191,Evonne,Leather,Jatri,06435 Esker Way,+48 (548) 870-6821,447-219-4669,Office Fitting,25/11/2020,12/05/2021,Viviyan
192,Hartwell,Rawle,Lazz,69 Hoffman Alley,+86 (350) 553-4684,466-109-1795,Development,19/04/2015,28/10/2021,Jarred
193,Petra,Milton,Devpulse,25409 Larry Terrace,+976 (903) 604-4018,192-846-9324,Support,26/01/2017,10/09/2021,Miguelita
194,Cedric,Jumont,Thoughtmix,9 Lukken Drive,+86 (547) 759-6974,212-106-0116,Support,26/06/2006,27/05/2021,Cathy
195,Tatiania,Kenaway,Dabjam,93 Stone Corner Point,+86 (979) 976-4115,399-434-6471,Development,24/12/2013,16/11/2020,Major
196,Odette,Bosomworth,Tanoodle,742 New Castle Terrace,+86 (141) 492-0336,161-989-1834,Office Fitting,18/02/2011,29/03/2021,Tanney
197,Gil,Schust,Teklist,4 Harbort Lane,+55 (660) 942-6977,256-109-0311,Support,06/08/2008,04/10/2021,Wallie
198,Gun,Simnett,Trupe,87 5th Pass,+86 (112) 865-1352,713-522-8102,Support,28/02/2016,15/12/2020,Donny
199,Ximenez,Brighouse,Meedoo,521 Kipling Alley,+1 (801) 480-0229,314-864-9285,Support,29/01/2012,22/11/2020,Junie
200,Hasheem,Dicte,Zava,06 Orin Junction,+386 (644) 401-2806,630-669-7890,Support,28/08/2015,27/02/2021,Madelin
201,Margaretta,Matokhnin,Zoomzone,40052 Moulton Parkway,+48 (124) 782-0213,342-532-1240,Office Fitting,06/01/2018,09/06/2021,Lethia
202,Saundra,Sexty,Devpulse,024 Schurz Plaza,+92 (319) 732-3278,863-357-9595,Support,03/06/2016,27/12/2020,Minetta
203,Russ,Lembrick,Gigabox,9014 Mosinee Way,+62 (628) 902-4385,965-992-3374,Office Fitting,31/07/2015,13/04/2021,Pavel
204,Maressa,Boag,Ailane,7 Northview Street,+33 (832) 790-0763,277-487-7945,Office Fitting,07/01/2015,06/09/2021,Frasquito
205,Gardner,Balshen,Riffpath,682 Vera Crossing,+86 (101) 705-8673,537-354-1172,Development,14/07/2009,16/12/2020,Salomone
206,Florette,Jiles,Eidel,96310 Hooker Lane,+33 (298) 454-9311,531-402-8539,Support,28/09/2006,28/12/2020,Hillyer
207,Thurstan,Cawdell,Twitterbridge,74542 Eastwood Court,+94 (150) 737-5805,276-719-2067,Office Fitting,22/06/2012,24/10/2021,Ronny
208,Gilbertine,Marchiso,Kazu,18166 Almo Point,+48 (606) 124-9650,480-556-1283,Development,08/04/2013,25/11/2020,Mignonne
209,Eugine,Bolam,Thoughtsphere,1625 Huxley Pass,+48 (870) 874-6583,650-361-6922,Development,24/08/2021,24/10/2021,Joletta
210,Evangelina,Wholesworth,Fiveclub,2 Longview Court,+66 (190) 719-8917,522-720-4345,Office Fitting,25/10/2009,15/09/2021,Serene
211,Pernell,Parlet,Wordtune,25474 Vidon Circle,+46 (376) 577-4857,323-993-7669,Development,03/01/2011,06/12/2020,Jemima
212,Paulette,Lennard,Eidel,306 Farragut Place,+7 (753) 704-3813,858-998-5306,Development,11/09/2014,05/02/2021,Morton
213,Claudianus,Ruler,Oyonder,77543 Grasskamp Junction,+86 (764) 317-5215,702-157-4500,Support,20/10/2006,14/02/2021,Alexandra
214,Urson,Wordsley,Jabbersphere,80 Debs Point,+86 (302) 339-2127,968-322-1831,Support,11/08/2021,03/11/2021,Karalynn
215,Nathanil,Emlin,Vinder,2 Division Parkway,+375 (719) 306-0923,836-118-8148,Office Fitting,21/06/2008,25/05/2021,Alia
216,Chrissie,Peet,Riffpath,411 Marcy Terrace,+256 (263) 141-0351,812-348-7602,Support,16/08/2015,20/11/2020,Udell
217,Erastus,Calderhead,Browsebug,6563 Melvin Trail,+86 (640) 517-2542,316-129-0196,Development,20/11/2009,21/04/2021,Blanca
218,Sherrie,Padley,Latz,215 Kings Alley,+33 (956) 251-3161,143-881-7512,Development,24/06/2007,14/06/2021,Anne-marie
219,Putnem,Mitrovic,Tagcat,0 Leroy Lane,+51 (975) 160-9858,244-208-9979,Support,21/04/2019,14/10/2021,Velvet
220,Magdalen,Menaul,Browsedrive,8684 Vahlen Alley,+86 (731) 665-3248,814-259-5058,Development,14/06/2008,19/04/2021,Sianna
221,Joete,Goldsworthy,Buzzbean,0589 Nelson Park,+46 (435) 608-4602,115-109-9371,Support,12/10/2018,10/02/2021,Webster
222,Dante,Jedraszek,Topicstorm,45 Ridgeway Pass,+86 (331) 423-9421,883-226-3069,Office Fitting,08/11/2010,27/03/2021,Evelin
223,Trip,Bewick,Vimbo,14 Londonderry Plaza,+1 (916) 539-7109,726-393-6293,Support,10/10/2020,03/02/2021,Miller
224,Noella,Hupka,Browsebug,61 Elka Point,+86 (240) 803-2111,588-820-8106,Development,08/10/2018,11/01/2021,Hoebart
225,Leisha,Hollidge,Feednation,515 Ridgeway Terrace,+381 (867) 101-9360,496-243-2505,Office Fitting,27/11/2012,18/02/2021,Sapphira
226,Felix,Collop,Buzzdog,1 Jana Trail,+63 (449) 640-7843,970-635-8089,Support,04/03/2008,19/11/2020,Caren
227,Marita,Merrgan,Centimia,717 Vidon Lane,+66 (937) 936-8673,321-127-5446,Development,23/10/2018,21/12/2020,Jeffrey
228,Kristien,Gillespie,Twitternation,6 Walton Terrace,+84 (386) 641-1282,815-322-9597,Office Fitting,13/02/2010,30/04/2021,Emmanuel
229,Zacharia,Jerger,Brainbox,1 Spaight Way,+86 (932) 722-1518,341-369-8456,Office Fitting,02/05/2011,04/03/2021,Aleta
230,Deborah,Saffell,Skibox,8915 Dovetail Pass,+62 (246) 186-3975,962-683-8903,Development,23/11/2008,09/02/2021,Myranda
231,Haroun,Farrant,Blogtag,95025 Northview Crossing,+230 (803) 961-5073,988-483-3459,Office Fitting,27/08/2017,09/06/2021,Reinold
232,Dix,Vreiberg,Yotz,5090 Truax Point,+351 (899) 598-9137,198-669-9422,Support,04/05/2011,25/07/2021,Dorrie
233,Nataniel,Waterhowse,Skilith,40 1st Park,+1 (919) 646-8648,778-141-3405,Development,24/07/2007,08/06/2021,Cris
234,Kelsi,Betz,Mydo,75026 Bunting Park,+66 (809) 856-5235,629-613-1537,Support,09/07/2014,19/06/2021,Jeffry
235,Warden,Taggerty,Voonyx,2879 Forest Dale Circle,+86 (903) 515-6125,805-292-8359,Development,14/03/2015,17/10/2021,Germain
236,Boone,Brunker,Ntag,32633 Sundown Center,+63 (379) 972-2745,312-729-4138,Office Fitting,19/05/2015,27/08/2021,Lavinia
237,Maryl,Ferfulle,Zoomzone,652 Chinook Crossing,+63 (176) 145-5808,877-211-0513,Support,16/01/2012,14/11/2020,Patrick
238,Robin,Piffe,Geba,2 Stephen Way,+420 (628) 312-6765,162-680-7031,Office Fitting,17/10/2016,02/05/2021,Kyla
239,Nanci,Willingam,Thoughtmix,06 Arrowood Terrace,+86 (837) 670-5378,279-828-9703,Office Fitting,15/09/2011,15/06/2021,Sylvia
240,Clement,O'Dougherty,Flashdog,9 Fairview Terrace,+7 (859) 973-1724,206-659-5229,Office Fitting,06/09/2015,16/12/2020,Lynnette
241,Morse,McLemon,Edgeify,01 Cardinal Junction,+355 (115) 112-8927,710-188-3314,Support,16/06/2021,18/08/2021,Neal
242,Hussein,Skull,Twinte,77 Southridge Terrace,+370 (215) 531-8002,763-294-7376,Support,19/05/2013,23/11/2020,Catie
243,Luca,Tugman,Skyble,16 Lakewood Pass,+1 (209) 444-5794,324-241-1226,Office Fitting,22/11/2017,14/11/2020,Wynne
244,Aubry,Butler,Babbleopia,3 Washington Alley,+64 (113) 881-5205,808-220-1553,Office Fitting,27/08/2018,22/06/2021,Lilian
245,Suellen,Wraggs,Katz,24280 Tennessee Circle,+66 (502) 305-1917,469-105-5012,Development,28/05/2013,06/06/2021,Shirley
246,Dwight,Smurthwaite,Katz,080 Farwell Way,+46 (149) 751-2389,967-183-8239,Office Fitting,14/08/2007,29/09/2021,Kele
247,Hilary,Glasebrook,Kaymbo,3294 Northfield Drive,+7 (955) 939-1374,708-826-4132,Development,15/09/2014,30/11/2020,Ulric
248,Fred,Abercromby,Npath,167 Village Trail,+93 (428) 467-5268,127-394-7009,Development,27/05/2021,09/12/2020,Annnora
249,Sergei,Rust,Cogibox,5 Farwell Alley,+44 (418) 655-0883,978-391-6017,Office Fitting,24/08/2011,22/05/2021,Aristotle
250,Onofredo,Kinavan,Fatz,59959 Pennsylvania Plaza,+52 (623) 552-7432,597-299-3607,Development,06/09/2008,12/04/2021,Celle
251,Andrew,Owens,VICO,Celbirdge,adwada,dw,adw,dad,da,Andy96
252,Andrew,Owens,VICO,Celbridge,4i20402,3203029,Development,2021-11-15,2021-11-15,wdaw
253,Owen,Andrews,OCIV,Leixlip,39892,32323232,Support,2021-11-15,2021-11-15,awdw
